dataHCNC_SF1,dataHCNC_SF2
0.0349065850398866,0.0315849439000212
0.0379783645233966,0.0273346858961838
0.0410501440069066,0.024875063133981
0.0441219234904167,0.0236744178893131
0.0471937029739267,0.0223613187459133
0.0502654824574367,0.0197940181256262
0.0533372619409467,0.0183379243173392
0.0564090414244567,0.017892688266758
0.0594808209079668,0.017168588645896
0.0625526003914768,0.0170108598331158
0.0656243798749868,0.0137893959310069
0.0686961593584968,0.0185886013064912
0.0717679388420068,0.0166682854260336
0.0748397183255169,0.0176402506766066
0.0779114978090269,0.0173282306072013
0.0809832772925369,0.0177500969585086
0.0840550567760469,0.0170211243288864
0.0871268362595569,0.0173241296608709
0.090198615743067,0.0166274711096191
0.093270395226577,0.0166274711096191
0.096342174710087,0.0179948809142077
0.099413954193597,0.0193327167607353
0.102485733677107,0.0193455055833931
0.105557513160617,0.0166603032391293
0.108629292644127,0.0159726891418643
0.111701072127637,0.0172914956680257
0.114772851611147,0.02009457222257
0.117844631094657,0.0219846018033328
0.120916410578167,0.022308198194589
0.123988190061677,0.0212634745143389
0.127059969545187,0.0232522103961281
0.130131749028697,0.0230105278109892
0.133203528512207,0.0282418621041499
0.136275307995717,0.026499308060207
0.139347087479227,0.0299306583180583
0.142418866962737,0.0276295843932701
0.145490646446247,0.0268286450479079
0.148562425929757,0.0260292609509215
0.151634205413267,0.0251341875263897
0.154705984896777,0.0264516881188005
0.157777764380287,0.0256540704244131
0.160849543863797,0.0266461789666607
0.163921323347307,0.0294961928154236
0.166993102830817,0.0251658364310603
0.170064882314327,0.0254071170195855
0.173136661797837,0.0234787206074167
0.176208441281348,0.0211110570540551
0.179280220764858,0.0222017140732471
0.182352000248368,0.0221135705346217
0.185423779731878,0.0234588704144073
0.188495559215388,0.0221232359990593
0.191567338698898,0.0229249720488102
0.194639118182408,0.0233498008895562
0.197710897665918,0.0234388336594335
0.200782677149428,0.0226300562281129
0.203854456632938,0.025714280006145
0.206926236116448,0.0248205418839083
0.209998015599958,0.0231709959752796
0.213069795083468,0.0229832913188736
0.216141574566978,0.0256149958689839
0.219213354050488,0.0269437740016782
0.222285133533998,0.0268290168672076
0.225356913017508,0.0313473813425099
0.228428692501018,0.0302178900247828
0.231500471984528,0.0319415017413726
0.234572251468038,0.029948813667376
0.237644030951548,0.0310700658228221
0.240715810435058,0.0316951329530289
0.243787589918568,0.0316907081968361
0.246859369402078,0.0319291220737042
0.249931148885588,0.0307367072433748
0.253002928369098,0.032250036091574
0.256074707852608,0.0341689112260614
0.259146487336118,0.0372802024559026
0.262218266819628,0.0387629919748505
0.265290046303138,0.0406100672451789
0.268361825786648,0.0391999801898938
0.271433605270158,0.0390492847631705
0.274505384753668,0.0384027915880245
0.277577164237178,0.0408256189601294
0.280648943720688,0.0390729197142532
0.283720723204198,0.0394535638025704
0.286792502687708,0.0397444838399575
0.289864282171218,0.0395728242756957
0.292936061654728,0.0400332967118586
0.296007841138238,0.0416824324427617
0.299079620621748,0.0444857936860179
0.302151400105258,0.0429243848515682
0.305223179588768,0.0433690804077648
0.308294959072278,0.0420255021839737
0.311366738555788,0.0402658189896151
0.314438518039298,0.0403836620378971
0.317510297522808,0.0396483725431691
0.320582077006318,0.0395940442640512
0.323653856489829,0.0401406817948602
0.326725635973339,0.0408441480383656
0.329797415456849,0.0410743549201072
0.332869194940359,0.0415816958230801
0.335940974423869,0.0425609188530242
0.339012753907379,0.0453117292656215
0.342084533390889,0.048067016090698
0.345156312874399,0.0486564485869253
0.348228092357909,0.0509068274072609
0.351299871841419,0.0523387710000493
0.354371651324929,0.0542109074250406
0.357443430808439,0.0591720261463432
0.360515210291949,0.0582341667139696
0.363586989775459,0.0578995429559358
0.366658769258969,0.0573187649001552
0.369730548742479,0.0559765002571051
0.372802328225989,0.0580564508960728
0.375874107709499,0.0549711145695196
0.378945887193009,0.0532616205171052
0.382017666676519,0.0532404670555161
0.385089446160029,0.0503868638486234
0.388161225643539,0.0510806960248061
0.391233005127049,0.0508869212456621
0.394304784610559,0.05122479969172
0.397376564094069,0.050650080831889
0.400448343577579,0.0510941390685373
0.403520123061089,0.057686705071465
0.406591902544599,0.054021022325676
0.409663682028109,0.0540788226142748
0.412735461511619,0.0547677679644142
0.415807240995129,0.0547721674347377
0.418879020478639,0.052207835922021
0.421950799962149,0.0550945465091764
0.425022579445659,0.0564113347740869
0.428094358929169,0.0569055430711071
0.431166138412679,0.0593255966060053
0.434237917896189,0.0630057687957871
0.437309697379699,0.066465696459873
0.440381476863209,0.072153977749717
0.443453256346719,0.074012293492554
0.446525035830229,0.0782483925015251
0.449596815313739,0.0785161499087506
0.452668594797249,0.0790507464500232
0.455740374280759,0.0790422630861954
0.458812153764269,0.0818916985928688
0.461883933247779,0.084725473718748
0.464955712731289,0.0841858320211936
0.468027492214799,0.0899441613720813
0.471099271698309,0.0909438143120755
0.47417105118182,0.0919551944507438
0.47724283066533,0.0902445299513485
0.48031461014884,0.0947962506288482
0.48338638963235,0.0949745717109235
0.48645816911586,0.0964199520434476
0.48952994859937,0.0929636216295191
0.49260172808288,0.0885582428786148
0.49567350756639,0.0867525162205287
0.4987452870499,0.0889630792058117
0.50181706653341,0.0929208282015992
0.50488884601692,0.095364376343488
0.50796062550043,0.0951780351898309
0.51103240498394,0.0969233646761402
0.51410418446745,0.0995602166171524
0.51717596395096,0.101212047012912
0.52024774343447,0.107343587408707
0.52331952291798,0.107211793681665
0.52639130240149,0.107983317994537
0.529463081885,0.111727585585663
0.53253486136851,0.113758777640202
0.53560664085202,0.111412387814267
0.53867842033553,0.114509303985415
0.54175019981904,0.114695026530967
0.54482197930255,0.113985462883384
0.54789375878606,0.113959370147468
0.55096553826957,0.114055107000926
0.55403731775308,0.117044633818897
0.55710909723659,0.117556562760326
0.5601808767201,0.118828229007509
0.56325265620361,0.121389558683549
0.56632443568712,0.125027724257139
0.56939621517063,0.127696573027218
0.57246799465414,0.128201752234593
0.57553977413765,0.130790086481775
0.57861155362116,0.131862773761226
0.58168333310467,0.128333572141731
0.58475511258818,0.127979731611185
0.58782689207169,0.129125938894162
0.5908986715552,0.128943918547609
0.59397045103871,0.128530125725882
0.59704223052222,0.129805739765255
0.60011401000573,0.128408164778856
0.60318578948924,0.131302374490687
0.60625756897275,0.12992125760101
0.60932934845626,0.13475741478655
0.612401127939771,0.140010482805016
0.615472907423281,0.146332940554706
0.618544686906791,0.152105375431972
0.621616466390301,0.158817113153761
0.624688245873811,0.164934566545355
0.62776002535732,0.167369513338021
0.630831804840831,0.168960249196467
0.633903584324341,0.172075833612846
0.636975363807851,0.176214218914693
0.640047143291361,0.178777353253134
0.643118922774871,0.184925579331496
0.646190702258381,0.185886168684892
0.649262481741891,0.187058291719743
0.652334261225401,0.188797656361651
0.655406040708911,0.189326610224127
0.658477820192421,0.190115606490683
0.661549599675931,0.193706451812165
0.664621379159441,0.197008315007403
0.667693158642951,0.19734287409932
0.670764938126461,0.196715214046958
0.673836717609971,0.20080726690119
0.676908497093481,0.203027489867691
0.679980276576991,0.205309073540158
0.683052056060501,0.206950257553274
0.686123835544011,0.20783839051944
0.689195615027521,0.208226176405044
0.692267394511031,0.210953860796875
0.695339173994541,0.21301714229919
0.698410953478051,0.218222497070263
0.701482732961561,0.219362530040075
0.704554512445071,0.223324989535776
0.707626291928581,0.226556421662104
0.710698071412091,0.228775292641202
0.713769850895601,0.230688600838562
0.716841630379111,0.232433503019229
0.719913409862621,0.234575742229369
0.722985189346131,0.235013533450868
0.726056968829641,0.238050956922504
0.729128748313151,0.239772502097654
0.732200527796661,0.240478984234831
0.735272307280171,0.244761835552398
0.738344086763681,0.251699186200545
0.741415866247191,0.252500812250491
0.744487645730701,0.256340416649521
0.747559425214211,0.261907359467041
0.750631204697721,0.263143955368003
0.753702984181231,0.265244229841211
0.756774763664741,0.266778209252296
0.759846543148251,0.267534535801915
0.762918322631762,0.271033647485249
0.765990102115272,0.275951270432496
0.769061881598782,0.278319191793813
0.772133661082292,0.279318589769401
0.775205440565802,0.281447268303829
0.778277220049312,0.284529384737216
0.781348999532822,0.285950932232834
0.784420779016332,0.29214104008072
0.787492558499842,0.294137609450637
0.790564337983352,0.294308341626687
0.793636117466862,0.294240211529323
0.796707896950372,0.295455258102452
0.799779676433882,0.298227996462504
0.802851455917392,0.296946515205457
0.805923235400902,0.298920115508725
0.808995014884412,0.298187998604714
0.812066794367922,0.301530701758298
0.815138573851432,0.301689002622809
0.818210353334942,0.304951435664677
0.821282132818452,0.304047928738691
0.824353912301962,0.304840710651289
0.827425691785472,0.312554296966257
0.830497471268982,0.320774806980664
0.833569250752492,0.326236422661455
0.836641030236002,0.331755866995818
0.839712809719512,0.341168672008722
0.842784589203022,0.345562873526971
0.845856368686532,0.348275230163871
0.848928148170042,0.350860645346798
0.851999927653552,0.354076648205492
0.855071707137062,0.353377923192897
0.858143486620572,0.354781450982713
0.861215266104082,0.357606452079687
0.864287045587592,0.359221652809024
0.867358825071102,0.362478810816888
0.870430604554612,0.363025055787557
0.873502384038122,0.366316600220728
0.876574163521632,0.37367251763364
0.879645943005142,0.375448608989958
0.882717722488652,0.378367439319167
0.885789501972162,0.380750664816275
0.888861281455672,0.383767792533318
0.891933060939182,0.386219474335218
0.895004840422692,0.387502315311376
0.898076619906202,0.391108865835742
0.901148399389712,0.390964102723849
0.904220178873222,0.391580648987757
0.907291958356732,0.394916254597831
0.910363737840242,0.390290819680485
0.913435517323752,0.393459360099122
0.916507296807263,0.396866217902161
0.919579076290773,0.399307904059265
0.922650855774283,0.401402143299382
0.925722635257793,0.400821774753526
0.928794414741303,0.400306885631328
0.931866194224813,0.402804347263663
0.934937973708323,0.407127413628813
0.938009753191833,0.411953800240479
0.941081532675343,0.415380428225487
0.944153312158853,0.416373880241393
0.947225091642363,0.421491746747528
0.950296871125873,0.423018283465008
0.953368650609383,0.424488499739748
0.956440430092893,0.426330239066989
0.959512209576403,0.430233680284418
0.962583989059913,0.431895297077037
0.965655768543423,0.43314048514982
0.968727548026933,0.438061722037073
0.971799327510443,0.440112015051678
0.974871106993953,0.439664707592176
0.977942886477463,0.446783013801967
0.981014665960973,0.450827967434211
0.984086445444483,0.455768733503659
0.987158224927993,0.463508518670865
0.990230004411503,0.466716749259032
0.993301783895013,0.470374736323791
0.996373563378523,0.476282072675568
0.999445342862033,0.476881127029881
1.00251712234554,0.480856777229899
1.00558890182905,0.485596959975178
1.00866068131256,0.479729264837499
1.01173246079607,0.477697352243044
1.01480424027958,0.477237218295478
1.01787601976309,0.477777329341062
1.0209477992466,0.478167348836701
1.02401957873011,0.479748477860436
1.02709135821362,0.477555143117595
1.03016313769713,0.471159845178739
1.03323491718064,0.479079574854576
1.03630669666415,0.479992794477874
1.03937847614766,0.481791755270455
1.04245025563117,0.488057021157997
1.04552203511468,0.487992485028474
1.04859381459819,0.49055563556224
1.0516655940817,0.495872023243978
1.05473737356521,0.500127769098075
1.05780915304872,0.502167547091353
1.06088093253223,0.502920103907208
1.06395271201574,0.502916311210104
1.06702449149925,0.503526930651638
1.07009627098276,0.507195313215568
1.07316805046627,0.510441809883605
1.07623982994978,0.514741118256833
1.07931160943329,0.516883735722912
1.0823833889168,0.51859456939249
1.08545516840031,0.520650610636915
1.08852694788382,0.524690443233161
1.09159872736733,0.524495594619531
1.09467050685084,0.524949921577671
1.09774228633435,0.525379825482659
1.10081406581786,0.521205181709275
1.10388584530137,0.521643696945125
1.10695762478488,0.522046886883113
1.11002940426839,0.526172702504273
1.1131011837519,0.528262083790744
1.11617296323541,0.529589584740453
1.11924474271892,0.530779217458499
1.12231652220243,0.531737179331205
1.12538830168594,0.532864509151243
1.12846008116945,0.54041593280846
1.13153186065296,0.543256270850919
1.13460364013647,0.541709655927081
1.13767541961998,0.543407560847183
1.14074719910349,0.544667601687153
1.143818978587,0.548744623278353
1.14689075807051,0.551181148462585
1.14996253755402,0.552586007375246
1.15303431703753,0.553308150216896
1.15610609652104,0.553162983230991
1.15917787600455,0.555546429489575
1.16224965548806,0.559654438775503
1.16532143497157,0.56100881503619
1.16839321445508,0.563089144039347
1.17146499393859,0.563876292594432
1.1745367734221,0.564832935793891
1.17760855290561,0.570028072885303
1.18068033238912,0.570062768080334
1.18375211187263,0.573661401318388
1.18682389135614,0.576134688397644
1.18989567083965,0.577070391365055
1.19296745032316,0.573551309756374
1.19603922980667,0.574145272125773
1.19911100929018,0.577015511032124
1.20218278877369,0.578179125988221
1.2052545682572,0.576607091275734
1.20832634774071,0.578122972532962
1.21139812722422,0.578008716510791
1.21446990670773,0.581745442624653
1.21754168619124,0.583218718312912
1.22061346567475,0.5866643214889
1.22368524515826,0.58691011998505
1.22675702464177,0.586975081219819
1.22982880412528,0.587688612638433
1.23290058360879,0.590754813842602
1.2359723630923,0.593721095222318
1.23904414257581,0.600684671483516
1.24211592205932,0.604037569034804
1.24518770154283,0.605702372714544
1.24825948102634,0.606351809643968
1.25133126050985,0.608528274058091
1.25440303999336,0.609001689960841
1.25747481947687,0.612137150790557
1.26054659896038,0.612252268491901
1.26361837844389,0.613434115215966
1.2666901579274,0.613666872356137
1.26976193741091,0.613904428782959
1.27283371689442,0.61635696555586
1.27590549637793,0.618887903330276
1.27897727586144,0.620853373602522
1.28204905534495,0.628400470465799
1.28512083482846,0.630983026750411
1.28819261431197,0.632027011178877
1.29126439379549,0.631076657203135
1.294336173279,0.631529424767621
1.29740795276251,0.633532547575181
1.30047973224602,0.630846322693674
1.30355151172953,0.629447871310238
1.30662329121304,0.630030475517617
1.30969507069655,0.629417026856055
1.31276685018006,0.626323969506188
1.31583862966357,0.625062856712265
1.31891040914708,0.624911982496993
1.32198218863059,0.624251698505972
1.3250539681141,0.624862314815929
1.32812574759761,0.626871414541851
1.33119752708112,0.627527527280873
1.33426930656463,0.630274594529674
1.33734108604814,0.63081851874225
1.34041286553165,0.63365168604563
1.34348464501516,0.637587322761556
1.34655642449867,0.638265933911454
1.34962820398218,0.640604124262918
1.35269998346569,0.640707818670045
1.3557717629492,0.642187423619594
1.35884354243271,0.644487161405361
1.36191532191622,0.649093545766212
1.36498710139973,0.650508453999205
1.36805888088324,0.654231147108617
1.37113066036675,0.657015736341645
1.37420243985026,0.660569800063588
1.37727421933377,0.664606911578371
1.38034599881728,0.667347471299416
1.38341777830079,0.669079042133618
1.3864895577843,0.672413021744887
1.38956133726781,0.673081426622749
1.39263311675132,0.674685494872528
1.39570489623483,0.674189674227864
1.39877667571834,0.67386682450847
1.40184845520185,0.67362776485533
1.40492023468536,0.669840378896658
1.40799201416887,0.669605603990348
1.41106379365238,0.665041209829841
1.41413557313589,0.664756152967328
1.4172073526194,0.662326075371796
1.42027913210291,0.666004893498783
1.42335091158642,0.671022089030713
1.42642269106993,0.673796198811685
1.42949447055344,0.672637208680335
1.43256625003695,0.678038547617958
1.43563802952046,0.683395708345322
1.43870980900397,0.683410910913816
1.44178158848748,0.684445988113126
1.44485336797099,0.686251302092837
1.4479251474545,0.685890847916316
1.45099692693801,0.684482080535596
1.45406870642152,0.684770579921811
1.45714048590503,0.688987731060248
1.46021226538854,0.689536533910825
1.46328404487205,0.689010362074442
1.46635582435556,0.689088303244585
1.46942760383907,0.689655303699297
1.47249938332258,0.686244912345558
1.47557116280609,0.684737204198387
1.4786429422896,0.685672139130634
1.48171472177311,0.688828710044574
1.48478650125662,0.692943416567048
1.48785828074013,0.695365475925733
1.49093006022364,0.696238756934139
1.49400183970715,0.699598411429081
1.49707361919066,0.701540560345292
1.50014539867417,0.7068877689812
1.50321717815768,0.711631340975879
1.50628895764119,0.705055474816353
1.5093607371247,0.706290455720458
1.51243251660821,0.706409928669857
1.51550429609172,0.707492693889326
1.51857607557523,0.710987033924265
1.52164785505874,0.710114870613371
1.52471963454225,0.708770673003859
1.52779141402576,0.708260397208858
1.53086319350927,0.709712085433672
1.53393497299278,0.708560560581257
1.53700675247629,0.708041033261454
1.5400785319598,0.707279960390717
1.54315031144331,0.705298476439
1.54622209092682,0.707161621804689
1.54929387041033,0.70803930423182
1.55236564989384,0.707976514470685
1.55543742937735,0.709841382869374
1.55850920886086,0.709841382869374
1.56158098834437,0.711430936113749
1.56465276782788,0.711698465970661
1.56772454731139,0.71275000382666
1.5707963267949,0.714368841969099
1.57386810627841,0.71275000382666
1.57693988576192,0.711698465970661
1.58001166524543,0.711430936113749
1.58308344472894,0.709841382869374
1.58615522421245,0.709841382869374
1.58922700369596,0.707976514470685
1.59229878317947,0.70803930423182
1.59537056266298,0.707161621804689
1.59844234214649,0.705298476439
1.60151412163,0.707279960390717
1.60458590111351,0.708041033261454
1.60765768059702,0.708560560581257
1.61072946008053,0.709712085433672
1.61380123956404,0.708260397208858
1.61687301904755,0.708770673003859
1.61994479853106,0.710114870613371
1.62301657801457,0.710987033924265
1.62608835749808,0.707492693889326
1.62916013698159,0.706409928669857
1.6322319164651,0.706290455720458
1.63530369594861,0.705055474816353
1.63837547543212,0.711631340975879
1.64144725491563,0.7068877689812
1.64451903439914,0.701540560345292
1.64759081388265,0.699598411429081
1.65066259336616,0.696238756934139
1.65373437284967,0.695365475925733
1.65680615233318,0.692943416567048
1.65987793181669,0.688828710044574
1.6629497113002,0.685672139130634
1.66602149078371,0.684737204198387
1.66909327026722,0.686244912345558
1.67216504975073,0.689655303699297
1.67523682923424,0.689088303244585
1.67830860871775,0.689010362074442
1.68138038820126,0.689536533910825
1.68445216768477,0.688987731060248
1.68752394716828,0.684770579921811
1.69059572665179,0.684482080535596
1.6936675061353,0.685890847916316
1.69673928561881,0.686251302092837
1.69981106510232,0.684445988113126
1.70288284458583,0.683410910913816
1.70595462406934,0.683395708345322
1.70902640355285,0.678038547617958
1.71209818303636,0.672637208680335
1.71516996251987,0.673796198811685
1.71824174200338,0.671022089030713
1.72131352148689,0.666004893498783
1.7243853009704,0.662326075371796
1.72745708045391,0.664756152967328
1.73052885993742,0.665041209829841
1.73360063942093,0.669605603990348
1.73667241890444,0.669840378896658
1.73974419838795,0.67362776485533
1.74281597787146,0.67386682450847
1.74588775735497,0.674189674227864
1.74895953683848,0.674685494872528
1.75203131632199,0.673081426622749
1.7551030958055,0.672413021744887
1.75817487528901,0.669079042133618
1.76124665477252,0.667347471299416
1.76431843425603,0.664606911578371
1.76739021373954,0.660569800063588
1.77046199322305,0.657015736341645
1.77353377270656,0.654231147108617
1.77660555219007,0.650508453999205
1.77967733167358,0.649093545766212
1.78274911115709,0.644487161405361
1.7858208906406,0.642187423619594
1.78889267012411,0.640707818670045
1.79196444960762,0.640604124262918
1.79503622909113,0.638265933911454
1.79810800857464,0.637587322761556
1.80117978805815,0.63365168604563
1.80425156754166,0.63081851874225
1.80732334702517,0.630274594529674
1.81039512650868,0.627527527280873
1.81346690599219,0.626871414541851
1.8165386854757,0.624862314815929
1.81961046495921,0.624251698505972
1.82268224444272,0.624911982496993
1.82575402392623,0.625062856712265
1.82882580340974,0.626323969506188
1.83189758289325,0.629417026856055
1.83496936237676,0.630030475517617
1.83804114186027,0.629447871310238
1.84111292134378,0.630846322693674
1.84418470082729,0.633532547575181
1.8472564803108,0.631529424767621
1.85032825979431,0.631076657203135
1.85340003927782,0.632027011178877
1.85647181876133,0.630983026750411
1.85954359824484,0.628400470465799
1.86261537772835,0.620853373602522
1.86568715721186,0.618887903330276
1.86875893669537,0.61635696555586
1.87183071617888,0.613904428782959
1.87490249566239,0.613666872356137
1.8779742751459,0.613434115215966
1.88104605462941,0.612252268491901
1.88411783411292,0.612137150790557
1.88718961359643,0.609001689960841
1.89026139307994,0.608528274058091
1.89333317256345,0.606351809643968
1.89640495204696,0.605702372714544
1.89947673153047,0.604037569034804
1.90254851101398,0.600684671483516
1.90562029049749,0.593721095222318
1.908692069981,0.590754813842602
1.91176384946451,0.587688612638433
1.91483562894802,0.586975081219819
1.91790740843153,0.58691011998505
1.92097918791504,0.5866643214889
1.92405096739855,0.583218718312912
1.92712274688206,0.581745442624653
1.93019452636557,0.578008716510791
1.93326630584908,0.578122972532962
1.93633808533259,0.576607091275734
1.9394098648161,0.578179125988221
1.94248164429961,0.577015511032124
1.94555342378312,0.574145272125773
1.94862520326663,0.573551309756374
1.95169698275014,0.577070391365055
1.95476876223365,0.576134688397644
1.95784054171716,0.573661401318388
1.96091232120067,0.570062768080334
1.96398410068418,0.570028072885303
1.96705588016769,0.564832935793891
1.9701276596512,0.563876292594432
1.97319943913471,0.563089144039347
1.97627121861822,0.56100881503619
1.97934299810173,0.559654438775503
1.98241477758524,0.555546429489575
1.98548655706875,0.553162983230991
1.98855833655226,0.553308150216896
1.99163011603577,0.552586007375246
1.99470189551928,0.551181148462585
1.99777367500279,0.548744623278353
2.0008454544863,0.544667601687153
2.00391723396981,0.543407560847183
2.00698901345332,0.541709655927081
2.01006079293683,0.543256270850919
2.01313257242034,0.54041593280846
2.01620435190385,0.532864509151243
2.01927613138736,0.531737179331205
2.02234791087087,0.530779217458499
2.02541969035438,0.529589584740453
2.02849146983789,0.528262083790744
2.0315632493214,0.526172702504273
2.03463502880491,0.522046886883113
2.03770680828842,0.521643696945125
2.04077858777193,0.521205181709275
2.04385036725544,0.525379825482659
2.04692214673895,0.524949921577671
2.04999392622246,0.524495594619531
2.05306570570597,0.524690443233161
2.05613748518948,0.520650610636915
2.05920926467299,0.51859456939249
2.0622810441565,0.516883735722912
2.06535282364001,0.514741118256833
2.06842460312352,0.510441809883605
2.07149638260703,0.507195313215568
2.07456816209054,0.503526930651638
2.07763994157405,0.502916311210104
2.08071172105756,0.502920103907208
2.08378350054107,0.502167547091353
2.08685528002458,0.500127769098075
2.08992705950809,0.495872023243978
2.0929988389916,0.49055563556224
2.09607061847511,0.487992485028474
2.09914239795862,0.488057021157997
2.10221417744213,0.481791755270455
2.10528595692564,0.479992794477874
2.10835773640915,0.479079574854576
2.11142951589266,0.471159845178739
2.11450129537617,0.477555143117595
2.11757307485968,0.479748477860436
2.12064485434319,0.478167348836701
2.1237166338267,0.477777329341062
2.12678841331021,0.477237218295478
2.12986019279372,0.477697352243044
2.13293197227723,0.479729264837499
2.13600375176074,0.485596959975178
2.13907553124425,0.480856777229899
2.14214731072776,0.476881127029881
2.14521909021127,0.476282072675568
2.14829086969478,0.470374736323791
2.15136264917829,0.466716749259032
2.1544344286618,0.463508518670865
2.15750620814531,0.455768733503659
2.16057798762882,0.450827967434211
2.16364976711233,0.446783013801967
2.16672154659584,0.439664707592176
2.16979332607935,0.440112015051678
2.17286510556286,0.438061722037073
2.17593688504637,0.43314048514982
2.17900866452988,0.431895297077037
2.18208044401339,0.430233680284418
2.1851522234969,0.426330239066989
2.18822400298041,0.424488499739748
2.19129578246392,0.423018283465008
2.19436756194743,0.421491746747528
2.19743934143094,0.416373880241393
2.20051112091445,0.415380428225487
2.20358290039796,0.411953800240479
2.20665467988147,0.407127413628813
2.20972645936498,0.402804347263663
2.21279823884849,0.400306885631328
2.215870018332,0.400821774753526
2.21894179781551,0.401402143299382
2.22201357729902,0.399307904059265
2.22508535678253,0.396866217902161
2.22815713626604,0.393459360099122
2.23122891574955,0.390290819680485
2.23430069523306,0.394916254597831
2.23737247471657,0.391580648987757
2.24044425420008,0.390964102723849
2.24351603368359,0.391108865835742
2.2465878131671,0.387502315311376
2.24965959265061,0.386219474335218
2.25273137213412,0.383767792533318
2.25580315161763,0.380750664816275
2.25887493110114,0.378367439319167
2.26194671058465,0.375448608989958
2.26501849006816,0.37367251763364
2.26809026955167,0.366316600220728
2.27116204903518,0.363025055787557
2.27423382851869,0.362478810816888
2.2773056080022,0.359221652809024
2.28037738748571,0.357606452079687
2.28344916696922,0.354781450982713
2.28652094645273,0.353377923192897
2.28959272593624,0.354076648205492
2.29266450541975,0.350860645346798
2.29573628490326,0.348275230163871
2.29880806438677,0.345562873526971
2.30187984387028,0.341168672008722
2.30495162335379,0.331755866995818
2.3080234028373,0.326236422661455
2.31109518232081,0.320774806980664
2.31416696180432,0.312554296966257
2.31723874128783,0.304840710651289
2.32031052077134,0.304047928738691
2.32338230025485,0.304951435664677
2.32645407973836,0.301689002622809
2.32952585922187,0.301530701758298
2.33259763870538,0.298187998604714
2.33566941818889,0.298920115508725
2.3387411976724,0.296946515205457
2.34181297715591,0.298227996462504
2.34488475663942,0.295455258102452
2.34795653612293,0.294240211529323
2.35102831560644,0.294308341626687
2.35410009508995,0.294137609450637
2.35717187457346,0.29214104008072
2.36024365405697,0.285950932232834
2.36331543354048,0.284529384737216
2.36638721302399,0.281447268303829
2.3694589925075,0.279318589769401
2.37253077199101,0.278319191793813
2.37560255147452,0.275951270432496
2.37867433095803,0.271033647485249
2.38174611044154,0.267534535801915
2.38481788992505,0.266778209252296
2.38788966940856,0.265244229841211
2.39096144889207,0.263143955368003
2.39403322837558,0.261907359467041
2.39710500785909,0.256340416649521
2.4001767873426,0.252500812250491
2.40324856682611,0.251699186200545
2.40632034630962,0.244761835552398
2.40939212579313,0.240478984234831
2.41246390527664,0.239772502097654
2.41553568476015,0.238050956922504
2.41860746424366,0.235013533450868
2.42167924372717,0.234575742229369
2.42475102321068,0.232433503019229
2.42782280269419,0.230688600838562
2.4308945821777,0.228775292641202
2.43396636166121,0.226556421662104
2.43703814114472,0.223324989535776
2.44010992062823,0.219362530040075
2.44318170011174,0.218222497070263
2.44625347959525,0.21301714229919
2.44932525907876,0.210953860796875
2.45239703856227,0.208226176405044
2.45546881804578,0.20783839051944
2.45854059752929,0.206950257553274
2.4616123770128,0.205309073540158
2.46468415649631,0.203027489867691
2.46775593597982,0.20080726690119
2.47082771546333,0.196715214046958
2.47389949494684,0.19734287409932
2.47697127443035,0.197008315007403
2.48004305391386,0.193706451812165
2.48311483339737,0.190115606490683
2.48618661288088,0.189326610224127
2.48925839236439,0.188797656361651
2.4923301718479,0.187058291719743
2.49540195133141,0.185886168684892
2.49847373081492,0.184925579331496
2.50154551029843,0.178777353253134
2.50461728978194,0.176214218914693
2.50768906926545,0.172075833612846
2.51076084874896,0.168960249196467
2.51383262823247,0.167369513338021
2.51690440771598,0.164934566545355
2.51997618719949,0.158817113153761
2.523047966683,0.152105375431972
2.52611974616651,0.146332940554706
2.52919152565002,0.140010482805016
2.53226330513353,0.13475741478655
2.53533508461704,0.12992125760101
2.53840686410055,0.131302374490687
2.54147864358406,0.128408164778856
2.54455042306757,0.129805739765255
2.54762220255108,0.128530125725882
2.55069398203459,0.128943918547609
2.5537657615181,0.129125938894162
2.55683754100161,0.127979731611185
2.55990932048512,0.128333572141731
2.56298109996863,0.131862773761226
2.56605287945214,0.130790086481775
2.56912465893565,0.128201752234593
2.57219643841916,0.127696573027218
2.57526821790267,0.125027724257139
2.57833999738618,0.121389558683549
2.58141177686969,0.118828229007509
2.5844835563532,0.117556562760326
2.58755533583671,0.117044633818897
2.59062711532022,0.114055107000926
2.59369889480373,0.113959370147468
2.59677067428724,0.113985462883384
2.59984245377075,0.114695026530967
2.60291423325426,0.114509303985415
2.60598601273777,0.111412387814267
2.60905779222128,0.113758777640202
2.61212957170479,0.111727585585663
2.6152013511883,0.107983317994537
2.61827313067181,0.107211793681665
2.62134491015532,0.107343587408707
2.62441668963883,0.101212047012912
2.62748846912234,0.0995602166171524
2.63056024860585,0.0969233646761402
2.63363202808936,0.0951780351898309
2.63670380757287,0.095364376343488
2.63977558705638,0.0929208282015992
2.64284736653989,0.0889630792058117
2.6459191460234,0.0867525162205287
2.64899092550691,0.0885582428786148
2.65206270499042,0.0929636216295191
2.65513448447393,0.0964199520434476
2.65820626395744,0.0949745717109235
2.66127804344095,0.0947962506288482
2.66434982292446,0.0902445299513485
2.66742160240797,0.0919551944507438
2.67049338189148,0.0909438143120755
2.67356516137499,0.0899441613720813
2.6766369408585,0.0841858320211936
2.67970872034201,0.084725473718748
2.68278049982552,0.0818916985928688
2.68585227930903,0.0790422630861954
2.68892405879254,0.0790507464500232
2.69199583827605,0.0785161499087506
2.69506761775956,0.0782483925015251
2.69813939724307,0.074012293492554
2.70121117672658,0.072153977749717
2.70428295621009,0.066465696459873
2.7073547356936,0.0630057687957871
2.71042651517711,0.0593255966060053
2.71349829466062,0.0569055430711071
2.71657007414413,0.0564113347740869
2.71964185362764,0.0550945465091764
2.72271363311115,0.052207835922021
2.72578541259466,0.0547721674347377
2.72885719207817,0.0547677679644142
2.73192897156168,0.0540788226142748
2.73500075104519,0.054021022325676
2.7380725305287,0.057686705071465
2.74114431001221,0.0510941390685373
2.74421608949572,0.050650080831889
2.74728786897923,0.05122479969172
2.75035964846274,0.0508869212456621
2.75343142794625,0.0510806960248061
2.75650320742976,0.0503868638486234
2.75957498691327,0.0532404670555161
2.76264676639678,0.0532616205171052
2.76571854588029,0.0549711145695196
2.7687903253638,0.0580564508960728
2.77186210484731,0.0559765002571051
2.77493388433082,0.0573187649001552
2.77800566381433,0.0578995429559358
2.78107744329784,0.0582341667139696
2.78414922278135,0.0591720261463432
2.78722100226486,0.0542109074250406
2.79029278174837,0.0523387710000493
2.79336456123188,0.0509068274072609
2.79643634071539,0.0486564485869253
2.7995081201989,0.048067016090698
2.80257989968241,0.0453117292656215
2.80565167916592,0.0425609188530242
2.80872345864943,0.0415816958230801
2.81179523813294,0.0410743549201072
2.81486701761646,0.0408441480383656
2.81793879709997,0.0401406817948602
2.82101057658347,0.0395940442640512
2.82408235606698,0.0396483725431691
2.82715413555049,0.0403836620378971
2.83022591503401,0.0402658189896151
2.83329769451752,0.0420255021839737
2.83636947400103,0.0433690804077648
2.83944125348454,0.0429243848515682
2.84251303296805,0.0444857936860179
2.84558481245156,0.0416824324427617
2.84865659193507,0.0400332967118586
2.85172837141858,0.0395728242756957
2.85480015090209,0.0397444838399575
2.8578719303856,0.0394535638025704
2.86094370986911,0.0390729197142532
2.86401548935262,0.0408256189601294
2.86708726883613,0.0384027915880245
2.87015904831964,0.0390492847631705
2.87323082780315,0.0391999801898938
2.87630260728666,0.0406100672451789
2.87937438677017,0.0387629919748505
2.88244616625368,0.0372802024559026
2.88551794573719,0.0341689112260614
2.8885897252207,0.032250036091574
2.89166150470421,0.0307367072433748
2.89473328418772,0.0319291220737042
2.89780506367123,0.0316907081968361
2.90087684315474,0.0316951329530289
2.90394862263825,0.0310700658228221
2.90702040212176,0.029948813667376
2.91009218160527,0.0319415017413726
2.91316396108878,0.0302178900247828
2.91623574057229,0.0313473813425099
2.9193075200558,0.0268290168672076
2.92237929953931,0.0269437740016782
2.92545107902282,0.0256149958689839
2.92852285850633,0.0229832913188736
2.93159463798984,0.0231709959752796
2.93466641747335,0.0248205418839083
2.93773819695686,0.025714280006145
2.94080997644037,0.0226300562281129
2.94388175592388,0.0234388336594335
2.94695353540739,0.0233498008895562
2.9500253148909,0.0229249720488102
2.95309709437441,0.0221232359990593
2.95616887385792,0.0234588704144073
2.95924065334143,0.0221135705346217
2.96231243282494,0.0222017140732471
2.96538421230845,0.0211110570540551
2.96845599179196,0.0234787206074167
2.97152777127547,0.0254071170195855
2.97459955075898,0.0251658364310603
2.97767133024249,0.0294961928154236
2.980743109726,0.0266461789666607
2.98381488920951,0.0256540704244131
2.98688666869302,0.0264516881188005
2.98995844817653,0.0251341875263897
2.99303022766004,0.0260292609509215
2.99610200714355,0.0268286450479079
2.99917378662706,0.0276295843932701
3.00224556611057,0.0299306583180583
3.00531734559408,0.026499308060207
3.00838912507759,0.0282418621041499
3.0114609045611,0.0230105278109892
3.01453268404461,0.0232522103961281
3.01760446352812,0.0212634745143389
3.02067624301163,0.022308198194589
3.02374802249514,0.0219846018033328
3.02681980197865,0.02009457222257
3.02989158146216,0.0172914956680257
3.03296336094567,0.0159726891418643
3.03603514042918,0.0166603032391293
3.03910691991269,0.0193455055833931
3.0421786993962,0.0193327167607353
3.04525047887971,0.0179948809142077
3.04832225836322,0.0166274711096191
3.05139403784673,0.0166274711096191
3.05446581733024,0.0173241296608709
3.05753759681375,0.0170211243288864
3.06060937629726,0.0177500969585086
3.06368115578077,0.0173282306072013
3.06675293526428,0.0176402506766066
3.06982471474779,0.0166682854260336
3.0728964942313,0.0185886013064912
3.07596827371481,0.0137893959310069
3.07904005319832,0.0170108598331158
3.08211183268183,0.017168588645896
3.08518361216534,0.017892688266758
3.08825539164885,0.0183379243173392
3.09132717113236,0.0197940181256262
3.09439895061587,0.0223613187459133
3.09747073009938,0.0236744178893131
3.10054250958289,0.024875063133981
3.1036142890664,0.0273346858961838
3.10668606854991,0.0315849439000212
