dataTCNC_SF1,dataTCNC_SF2
0.0349065850398866,0.0207381271634055
0.0379783645233966,0.02155453384075
0.0410501440069066,0.0234983916681533
0.0441219234904167,0.02212198300776
0.0471937029739267,0.0224083983022337
0.0502654824574367,0.0220668967808358
0.0533372619409467,0.0211314570922738
0.0564090414244567,0.0199659507972806
0.0594808209079668,0.0191198757256033
0.0625526003914768,0.0182955664172907
0.0656243798749868,0.0175807752707896
0.0686961593584968,0.0173081001216076
0.0717679388420068,0.018008346462068
0.0748397183255169,0.017358273881888
0.0779114978090269,0.0159496749440763
0.0809832772925369,0.016524488142533
0.0840550567760469,0.0170094070488845
0.0871268362595569,0.0175972021921715
0.090198615743067,0.018369716230935
0.093270395226577,0.017971839015445
0.096342174710087,0.018195404918465
0.099413954193597,0.0190926515824238
0.102485733677107,0.0201597072535716
0.105557513160617,0.0197633450915925
0.108629292644127,0.0197325810206603
0.111701072127637,0.0195666172501383
0.114772851611147,0.0196598161664778
0.117844631094657,0.0195909427460538
0.120916410578167,0.0180860088539585
0.123988190061677,0.0178051921737724
0.127059969545187,0.0151149815257536
0.130131749028697,0.0123816998099364
0.133203528512207,0.0138588208096806
0.136275307995717,0.0155620145646664
0.139347087479227,0.0149085285957922
0.142418866962737,0.0145099721183151
0.145490646446247,0.0171156482677506
0.148562425929757,0.0192423092546319
0.151634205413267,0.0186689752760217
0.154705984896777,0.0199486939686062
0.157777764380287,0.0232017954109675
0.160849543863797,0.0239415995909993
0.163921323347307,0.0295751830348241
0.166993102830817,0.0264094558136222
0.170064882314327,0.026890505284572
0.173136661797837,0.0270403811668769
0.176208441281348,0.0273476882510052
0.179280220764858,0.0242252715956431
0.182352000248368,0.0241294617970328
0.185423779731878,0.0222655914006261
0.188495559215388,0.0200720096928698
0.191567338698898,0.0207926578232166
0.194639118182408,0.0202730328690979
0.197710897665918,0.019640680367764
0.200782677149428,0.0191439346094179
0.203854456632938,0.018411154751689
0.206926236116448,0.0200091470801613
0.209998015599958,0.0197116619458269
0.213069795083468,0.0254365369550856
0.216141574566978,0.0259796367481946
0.219213354050488,0.0286665168712466
0.222285133533998,0.0269583678434647
0.225356913017508,0.0278848872416458
0.228428692501018,0.0277570551655612
0.231500471984528,0.027128916492976
0.234572251468038,0.026321892097089
0.237644030951548,0.0252242056698454
0.240715810435058,0.0223615879110387
0.243787589918568,0.0254594607610129
0.246859369402078,0.0252084224547611
0.249931148885588,0.0273891049151823
0.253002928369098,0.0272113636184259
0.256074707852608,0.0281489395047582
0.259146487336118,0.0295283045497795
0.262218266819628,0.0307007916854964
0.265290046303138,0.0309768860935757
0.268361825786648,0.0318471841767067
0.271433605270158,0.0294098474966492
0.274505384753668,0.0290436242026707
0.277577164237178,0.0296622433448219
0.280648943720688,0.0303158476232017
0.283720723204198,0.0300223630893332
0.286792502687708,0.0304171982773062
0.289864282171218,0.0295246360008053
0.292936061654728,0.0291684829094714
0.296007841138238,0.0296772234754278
0.299079620621748,0.0295190442299851
0.302151400105258,0.0268694285567935
0.305223179588768,0.0280778706943446
0.308294959072278,0.0293441430439481
0.311366738555788,0.0303131057718282
0.314438518039298,0.0303819366944451
0.317510297522808,0.0311762406915834
0.320582077006318,0.0317341201048318
0.323653856489829,0.0317199167840499
0.326725635973339,0.0331164260540048
0.329797415456849,0.0342569895700634
0.332869194940359,0.0339723130770329
0.335940974423869,0.0341184469896936
0.339012753907379,0.0338570192363814
0.342084533390889,0.0342663535779575
0.345156312874399,0.0345330368470369
0.348228092357909,0.034506200663012
0.351299871841419,0.0359599907057259
0.354371651324929,0.0372581875955482
0.357443430808439,0.0382502827906715
0.360515210291949,0.039880359197119
0.363586989775459,0.0407004637376391
0.366658769258969,0.0418824002932869
0.369730548742479,0.0402688686270937
0.372802328225989,0.0405552100139356
0.375874107709499,0.0413248347162066
0.378945887193009,0.0445016349014852
0.382017666676519,0.042102085135401
0.385089446160029,0.0439757920709055
0.388161225643539,0.041280992273176
0.391233005127049,0.0411722517161589
0.394304784610559,0.0434041015700091
0.397376564094069,0.0438281063208571
0.400448343577579,0.0447644937970219
0.403520123061089,0.0449275947773056
0.406591902544599,0.044483000363904
0.409663682028109,0.0442529874318714
0.412735461511619,0.0444394057131638
0.415807240995129,0.0452887326337853
0.418879020478639,0.0462206740579752
0.421950799962149,0.0438508242533197
0.425022579445659,0.045334005684515
0.428094358929169,0.0451649925574318
0.431166138412679,0.0453545658984468
0.434237917896189,0.0460223491286712
0.437309697379699,0.0456539086308505
0.440381476863209,0.0456629830685073
0.443453256346719,0.0454628860503803
0.446525035830229,0.0446685849499759
0.449596815313739,0.0477701404451935
0.452668594797249,0.0498269755491943
0.455740374280759,0.0518478827433835
0.458812153764269,0.0558147104005344
0.461883933247779,0.0611685969231377
0.464955712731289,0.061480858853074
0.468027492214799,0.0610020062328384
0.471099271698309,0.0612171039897399
0.47417105118182,0.0614432803212182
0.47724283066533,0.0611703196344286
0.48031461014884,0.0618320288209039
0.48338638963235,0.0615688513661513
0.48645816911586,0.0622156440498552
0.48952994859937,0.0657392086217727
0.49260172808288,0.0653924053474042
0.49567350756639,0.0662565411952987
0.4987452870499,0.068380699089347
0.50181706653341,0.0675764512643327
0.50488884601692,0.0670666321673418
0.50796062550043,0.0627731146516539
0.51103240498394,0.0609603457416085
0.51410418446745,0.0585561864280406
0.51717596395096,0.0592856839229015
0.52024774343447,0.0622741338432044
0.52331952291798,0.0613046004710781
0.52639130240149,0.0605734061382451
0.529463081885,0.0604527911489637
0.53253486136851,0.0688942940798177
0.53560664085202,0.0715838885981237
0.53867842033553,0.0804402222866534
0.54175019981904,0.0837572989619526
0.54482197930255,0.0836679857035523
0.54789375878606,0.0815769572471807
0.55096553826957,0.0807727161068551
0.55403731775308,0.0822350553331634
0.55710909723659,0.0834295368755081
0.5601808767201,0.0826932447992614
0.56325265620361,0.0838066565892042
0.56632443568712,0.0825561776669294
0.56939621517063,0.0820449127524002
0.57246799465414,0.0823622947432133
0.57553977413765,0.0842104408037179
0.57861155362116,0.0851435184355865
0.58168333310467,0.0852314992758601
0.58475511258818,0.0850218228416151
0.58782689207169,0.0853759625239487
0.5908986715552,0.0860282375868714
0.59397045103871,0.0879691848817139
0.59704223052222,0.0911791328206356
0.60011401000573,0.0928413938211313
0.60318578948924,0.0945492013734019
0.60625756897275,0.0964948488237986
0.60932934845626,0.096913849342819
0.612401127939771,0.0999449615539471
0.615472907423281,0.0995875488101962
0.618544686906791,0.101966186521085
0.621616466390301,0.103459376305448
0.624688245873811,0.106493567753898
0.62776002535732,0.107662138977545
0.630831804840831,0.108570262307697
0.633903584324341,0.10771355250223
0.636975363807851,0.108853242471111
0.640047143291361,0.109544379956785
0.643118922774871,0.110163636363851
0.646190702258381,0.11121213705864
0.649262481741891,0.110885883325817
0.652334261225401,0.111444775235425
0.655406040708911,0.112727828592837
0.658477820192421,0.11519472171576
0.661549599675931,0.117933941779014
0.664621379159441,0.11764242710423
0.667693158642951,0.123553662932799
0.670764938126461,0.124941835436733
0.673836717609971,0.127058931460697
0.676908497093481,0.129473625759767
0.679980276576991,0.133525945460162
0.683052056060501,0.129718482236264
0.686123835544011,0.14393044021651
0.689195615027521,0.142144781149996
0.692267394511031,0.142021309377545
0.695339173994541,0.137411101397177
0.698410953478051,0.130685950701646
0.701482732961561,0.127354244198536
0.704554512445071,0.12625334434835
0.707626291928581,0.126443452434954
0.710698071412091,0.125507405468776
0.713769850895601,0.125328239905545
0.716841630379111,0.128107479565318
0.719913409862621,0.129158969202205
0.722985189346131,0.133252364178365
0.726056968829641,0.135010699118382
0.729128748313151,0.139787948612628
0.732200527796661,0.139968677132335
0.735272307280171,0.140899665455471
0.738344086763681,0.145467059162547
0.741415866247191,0.144711481260257
0.744487645730701,0.144392958367607
0.747559425214211,0.148820692554489
0.750631204697721,0.149779415366655
0.753702984181231,0.151458905913431
0.756774763664741,0.156291249410743
0.759846543148251,0.160844423957722
0.762918322631762,0.163770824627955
0.765990102115272,0.167218841692137
0.769061881598782,0.168359040310011
0.772133661082292,0.167591148576385
0.775205440565802,0.169501286753998
0.778277220049312,0.172429918694216
0.781348999532822,0.17089971449618
0.784420779016332,0.175868709163739
0.787492558499842,0.178091571830456
0.790564337983352,0.179838440850708
0.793636117466862,0.181004063852465
0.796707896950372,0.185390745416544
0.799779676433882,0.18898412453872
0.802851455917392,0.193838701436164
0.805923235400902,0.198297432164435
0.808995014884412,0.201520638331012
0.812066794367922,0.202392813764235
0.815138573851432,0.198024541885697
0.818210353334942,0.202313476008349
0.821282132818452,0.205907228027538
0.824353912301962,0.210961024088375
0.827425691785472,0.213900273042231
0.830497471268982,0.216208588320491
0.833569250752492,0.221757870661181
0.836641030236002,0.223652236751477
0.839712809719512,0.22509551081445
0.842784589203022,0.226680841688952
0.845856368686532,0.228455319914099
0.848928148170042,0.233410240274631
0.851999927653552,0.235674751838463
0.855071707137062,0.238375257315158
0.858143486620572,0.241340618912141
0.861215266104082,0.242708244734855
0.864287045587592,0.244405618476401
0.867358825071102,0.246638339894747
0.870430604554612,0.24546907762354
0.873502384038122,0.251727429225138
0.876574163521632,0.252193545225738
0.879645943005142,0.253743967591697
0.882717722488652,0.254717595231293
0.885789501972162,0.255885327962675
0.888861281455672,0.257177692214987
0.891933060939182,0.258049566877941
0.895004840422692,0.261885357475924
0.898076619906202,0.264103941901792
0.901148399389712,0.268144113649909
0.904220178873222,0.275145061318527
0.907291958356732,0.281246247228464
0.910363737840242,0.283855082519336
0.913435517323752,0.287987177068715
0.916507296807263,0.29123087331782
0.919579076290773,0.296963459135665
0.922650855774283,0.30068563446833
0.925722635257793,0.302486991484605
0.928794414741303,0.303865390497678
0.931866194224813,0.307320246589782
0.934937973708323,0.311047941747558
0.938009753191833,0.317520580811949
0.941081532675343,0.324021439130071
0.944153312158853,0.327142671679051
0.947225091642363,0.327152436911593
0.950296871125873,0.328175446492471
0.953368650609383,0.333967125040391
0.956440430092893,0.338836238410487
0.959512209576403,0.341451868626308
0.962583989059913,0.340656630177646
0.965655768543423,0.340124415734698
0.968727548026933,0.340443280335434
0.971799327510443,0.343922574717426
0.974871106993953,0.349687842393591
0.977942886477463,0.354212534295433
0.981014665960973,0.351930427089329
0.984086445444483,0.355069863627228
0.987158224927993,0.35581624635559
0.990230004411503,0.360613118584335
0.993301783895013,0.362734038655393
0.996373563378523,0.366043315790721
0.999445342862033,0.374446254216126
1.00251712234554,0.37174600504733
1.00558890182905,0.385539570618654
1.00866068131256,0.393848087173058
1.01173246079607,0.402079236965226
1.01480424027958,0.409356369082273
1.01787601976309,0.41741387772343
1.0209477992466,0.419942751420499
1.02401957873011,0.425738995967182
1.02709135821362,0.429951437987564
1.03016313769713,0.433474458370775
1.03323491718064,0.436292183790583
1.03630669666415,0.437961413432107
1.03937847614766,0.439847163189685
1.04245025563117,0.443368528562101
1.04552203511468,0.446087398178039
1.04859381459819,0.448206157865258
1.0516655940817,0.451136542862261
1.05473737356521,0.453977672402589
1.05780915304872,0.455420868044704
1.06088093253223,0.455860956030644
1.06395271201574,0.459665548894724
1.06702449149925,0.465329624054114
1.07009627098276,0.469198856729356
1.07316805046627,0.468251217491786
1.07623982994978,0.470518259928182
1.07931160943329,0.477569994079162
1.0823833889168,0.484524981150823
1.08545516840031,0.497363369550811
1.08852694788382,0.501832005210288
1.09159872736733,0.506688730273708
1.09467050685084,0.515876732997014
1.09774228633435,0.524657541736046
1.10081406581786,0.536384137755455
1.10388584530137,0.538133982642282
1.10695762478488,0.54281702006245
1.11002940426839,0.546670753551603
1.1131011837519,0.552036286014409
1.11617296323541,0.557280424632873
1.11924474271892,0.557789142171788
1.12231652220243,0.557336335930719
1.12538830168594,0.556327856184519
1.12846008116945,0.555911977444897
1.13153186065296,0.556879362506512
1.13460364013647,0.558292610341081
1.13767541961998,0.556567595265677
1.14074719910349,0.554926084982114
1.143818978587,0.55576983148156
1.14689075807051,0.559370123364845
1.14996253755402,0.562341253276267
1.15303431703753,0.567082314861033
1.15610609652104,0.572329784469913
1.15917787600455,0.579150541350457
1.16224965548806,0.584617597420909
1.16532143497157,0.588905562052997
1.16839321445508,0.594669272528948
1.17146499393859,0.604866547603477
1.1745367734221,0.607946475622357
1.17760855290561,0.61039887389763
1.18068033238912,0.622337767467633
1.18375211187263,0.628200069397825
1.18682389135614,0.629820801688622
1.18989567083965,0.63401005792185
1.19296745032316,0.634866502265489
1.19603922980667,0.638164212748067
1.19911100929018,0.638715797801275
1.20218278877369,0.64021920667591
1.2052545682572,0.643615808214821
1.20832634774071,0.644656372801003
1.21139812722422,0.645328533053477
1.21446990670773,0.650830450300612
1.21754168619124,0.655460006578493
1.22061346567475,0.659110687382838
1.22368524515826,0.665267470539443
1.22675702464177,0.66768318650363
1.22982880412528,0.669417135714569
1.23290058360879,0.671957466859968
1.2359723630923,0.672481864330633
1.23904414257581,0.672261882904642
1.24211592205932,0.67099389955276
1.24518770154283,0.672807535884903
1.24825948102634,0.673484417230012
1.25133126050985,0.674716354707364
1.25440303999336,0.677993983930725
1.25747481947687,0.682989387610815
1.26054659896038,0.685169134018706
1.26361837844389,0.695008012703194
1.2666901579274,0.69591416966367
1.26976193741091,0.699902044889588
1.27283371689442,0.701242498014499
1.27590549637793,0.703941128177678
1.27897727586144,0.710964097364929
1.28204905534495,0.715387675811116
1.28512083482846,0.717921958994594
1.28819261431197,0.721264170749261
1.29126439379549,0.726530498792541
1.294336173279,0.729228665443781
1.29740795276251,0.728443044935454
1.30047973224602,0.732035829559711
1.30355151172953,0.733908876620787
1.30662329121304,0.735115622903768
1.30969507069655,0.737431807850795
1.31276685018006,0.740504884056009
1.31583862966357,0.740119285577938
1.31891040914708,0.744240049777817
1.32198218863059,0.745951182949246
1.3250539681141,0.747325273608421
1.32812574759761,0.749008398597059
1.33119752708112,0.749673400957912
1.33426930656463,0.748248201512167
1.33734108604814,0.751580872439752
1.34041286553165,0.753693536543176
1.34348464501516,0.755850507349088
1.34655642449867,0.759757130835409
1.34962820398218,0.761718789789089
1.35269998346569,0.763459492206877
1.3557717629492,0.766693161750158
1.35884354243271,0.773983339825773
1.36191532191622,0.774704274114452
1.36498710139973,0.776313859370598
1.36805888088324,0.776990520975824
1.37113066036675,0.777220013441791
1.37420243985026,0.779244740225322
1.37727421933377,0.781884577842945
1.38034599881728,0.788368343323373
1.38341777830079,0.79175933274319
1.3864895577843,0.795001511928537
1.38956133726781,0.796612520982011
1.39263311675132,0.802128518296873
1.39570489623483,0.806073427563264
1.39877667571834,0.810518616223852
1.40184845520185,0.814547673488786
1.40492023468536,0.820005732574804
1.40799201416887,0.81882693610348
1.41106379365238,0.823008738409522
1.41413557313589,0.82681884717602
1.4172073526194,0.832242129755923
1.42027913210291,0.833366427466549
1.42335091158642,0.833804731781952
1.42642269106993,0.838135926486461
1.42949447055344,0.84066988216826
1.43256625003695,0.843068932349619
1.43563802952046,0.844294974818001
1.43870980900397,0.843998335246975
1.44178158848748,0.844449569250574
1.44485336797099,0.843198675610961
1.4479251474545,0.84400604489447
1.45099692693801,0.843824183271353
1.45406870642152,0.842889453260195
1.45714048590503,0.841489145858085
1.46021226538854,0.843053962697727
1.46328404487205,0.844267761899095
1.46635582435556,0.846943262771047
1.46942760383907,0.848564091929283
1.47249938332258,0.853072259756831
1.47557116280609,0.856604159554623
1.4786429422896,0.856749784590885
1.48171472177311,0.862528439870374
1.48478650125662,0.863437958744427
1.48785828074013,0.865436696275004
1.49093006022364,0.867001806583544
1.49400183970715,0.872582607665748
1.49707361919066,0.877463031889693
1.50014539867417,0.874900358081873
1.50321717815768,0.873327001105694
1.50628895764119,0.874367081041309
1.5093607371247,0.874767774738413
1.51243251660821,0.8734647693774
1.51550429609172,0.87340026743991
1.51857607557523,0.876528561599113
1.52164785505874,0.878066121138058
1.52471963454225,0.880443044160263
1.52779141402576,0.886972026266215
1.53086319350927,0.887297968159194
1.53393497299278,0.888662406352064
1.53700675247629,0.890518381469059
1.5400785319598,0.89190864144469
1.54315031144331,0.893172954922065
1.54622209092682,0.892268232630056
1.54929387041033,0.891976357843267
1.55236564989384,0.890374230866888
1.55543742937735,0.891576733257706
1.55850920886086,0.89263610826032
1.56158098834437,0.890034910756651
1.56465276782788,0.889556872990382
1.56772454731139,0.887111863354883
1.5707963267949,0.884599603650629
1.57386810627841,0.887111863354883
1.57693988576192,0.889556872990382
1.58001166524543,0.890034910756651
1.58308344472894,0.89263610826032
1.58615522421245,0.891576733257706
1.58922700369596,0.890374230866888
1.59229878317947,0.891976357843267
1.59537056266298,0.892268232630056
1.59844234214649,0.893172954922065
1.60151412163,0.89190864144469
1.60458590111351,0.890518381469059
1.60765768059702,0.888662406352064
1.61072946008053,0.887297968159194
1.61380123956404,0.886972026266215
1.61687301904755,0.880443044160263
1.61994479853106,0.878066121138058
1.62301657801457,0.876528561599113
1.62608835749808,0.87340026743991
1.62916013698159,0.8734647693774
1.6322319164651,0.874767774738413
1.63530369594861,0.874367081041309
1.63837547543212,0.873327001105694
1.64144725491563,0.874900358081873
1.64451903439914,0.877463031889693
1.64759081388265,0.872582607665748
1.65066259336616,0.867001806583544
1.65373437284967,0.865436696275004
1.65680615233318,0.863437958744427
1.65987793181669,0.862528439870374
1.6629497113002,0.856749784590885
1.66602149078371,0.856604159554623
1.66909327026722,0.853072259756831
1.67216504975073,0.848564091929283
1.67523682923424,0.846943262771047
1.67830860871775,0.844267761899095
1.68138038820126,0.843053962697727
1.68445216768477,0.841489145858085
1.68752394716828,0.842889453260195
1.69059572665179,0.843824183271353
1.6936675061353,0.84400604489447
1.69673928561881,0.843198675610961
1.69981106510232,0.844449569250574
1.70288284458583,0.843998335246975
1.70595462406934,0.844294974818001
1.70902640355285,0.843068932349619
1.71209818303636,0.84066988216826
1.71516996251987,0.838135926486461
1.71824174200338,0.833804731781952
1.72131352148689,0.833366427466549
1.7243853009704,0.832242129755923
1.72745708045391,0.82681884717602
1.73052885993742,0.823008738409522
1.73360063942093,0.81882693610348
1.73667241890444,0.820005732574804
1.73974419838795,0.814547673488786
1.74281597787146,0.810518616223852
1.74588775735497,0.806073427563264
1.74895953683848,0.802128518296873
1.75203131632199,0.796612520982011
1.7551030958055,0.795001511928537
1.75817487528901,0.79175933274319
1.76124665477252,0.788368343323373
1.76431843425603,0.781884577842945
1.76739021373954,0.779244740225322
1.77046199322305,0.777220013441791
1.77353377270656,0.776990520975824
1.77660555219007,0.776313859370598
1.77967733167358,0.774704274114452
1.78274911115709,0.773983339825773
1.7858208906406,0.766693161750158
1.78889267012411,0.763459492206877
1.79196444960762,0.761718789789089
1.79503622909113,0.759757130835409
1.79810800857464,0.755850507349088
1.80117978805815,0.753693536543176
1.80425156754166,0.751580872439752
1.80732334702517,0.748248201512167
1.81039512650868,0.749673400957912
1.81346690599219,0.749008398597059
1.8165386854757,0.747325273608421
1.81961046495921,0.745951182949246
1.82268224444272,0.744240049777817
1.82575402392623,0.740119285577938
1.82882580340974,0.740504884056009
1.83189758289325,0.737431807850795
1.83496936237676,0.735115622903768
1.83804114186027,0.733908876620787
1.84111292134378,0.732035829559711
1.84418470082729,0.728443044935454
1.8472564803108,0.729228665443781
1.85032825979431,0.726530498792541
1.85340003927782,0.721264170749261
1.85647181876133,0.717921958994594
1.85954359824484,0.715387675811116
1.86261537772835,0.710964097364929
1.86568715721186,0.703941128177678
1.86875893669537,0.701242498014499
1.87183071617888,0.699902044889588
1.87490249566239,0.69591416966367
1.8779742751459,0.695008012703194
1.88104605462941,0.685169134018706
1.88411783411292,0.682989387610815
1.88718961359643,0.677993983930725
1.89026139307994,0.674716354707364
1.89333317256345,0.673484417230012
1.89640495204696,0.672807535884903
1.89947673153047,0.67099389955276
1.90254851101398,0.672261882904642
1.90562029049749,0.672481864330633
1.908692069981,0.671957466859968
1.91176384946451,0.669417135714569
1.91483562894802,0.66768318650363
1.91790740843153,0.665267470539443
1.92097918791504,0.659110687382838
1.92405096739855,0.655460006578493
1.92712274688206,0.650830450300612
1.93019452636557,0.645328533053477
1.93326630584908,0.644656372801003
1.93633808533259,0.643615808214821
1.9394098648161,0.64021920667591
1.94248164429961,0.638715797801275
1.94555342378312,0.638164212748067
1.94862520326663,0.634866502265489
1.95169698275014,0.63401005792185
1.95476876223365,0.629820801688622
1.95784054171716,0.628200069397825
1.96091232120067,0.622337767467633
1.96398410068418,0.61039887389763
1.96705588016769,0.607946475622357
1.9701276596512,0.604866547603477
1.97319943913471,0.594669272528948
1.97627121861822,0.588905562052997
1.97934299810173,0.584617597420909
1.98241477758524,0.579150541350457
1.98548655706875,0.572329784469913
1.98855833655226,0.567082314861033
1.99163011603577,0.562341253276267
1.99470189551928,0.559370123364845
1.99777367500279,0.55576983148156
2.0008454544863,0.554926084982114
2.00391723396981,0.556567595265677
2.00698901345332,0.558292610341081
2.01006079293683,0.556879362506512
2.01313257242034,0.555911977444897
2.01620435190385,0.556327856184519
2.01927613138736,0.557336335930719
2.02234791087087,0.557789142171788
2.02541969035438,0.557280424632873
2.02849146983789,0.552036286014409
2.0315632493214,0.546670753551603
2.03463502880491,0.54281702006245
2.03770680828842,0.538133982642282
2.04077858777193,0.536384137755455
2.04385036725544,0.524657541736046
2.04692214673895,0.515876732997014
2.04999392622246,0.506688730273708
2.05306570570597,0.501832005210288
2.05613748518948,0.497363369550811
2.05920926467299,0.484524981150823
2.0622810441565,0.477569994079162
2.06535282364001,0.470518259928182
2.06842460312352,0.468251217491786
2.07149638260703,0.469198856729356
2.07456816209054,0.465329624054114
2.07763994157405,0.459665548894724
2.08071172105756,0.455860956030644
2.08378350054107,0.455420868044704
2.08685528002458,0.453977672402589
2.08992705950809,0.451136542862261
2.0929988389916,0.448206157865258
2.09607061847511,0.446087398178039
2.09914239795862,0.443368528562101
2.10221417744213,0.439847163189685
2.10528595692564,0.437961413432107
2.10835773640915,0.436292183790583
2.11142951589266,0.433474458370775
2.11450129537617,0.429951437987564
2.11757307485968,0.425738995967182
2.12064485434319,0.419942751420499
2.1237166338267,0.41741387772343
2.12678841331021,0.409356369082273
2.12986019279372,0.402079236965226
2.13293197227723,0.393848087173058
2.13600375176074,0.385539570618654
2.13907553124425,0.37174600504733
2.14214731072776,0.374446254216126
2.14521909021127,0.366043315790721
2.14829086969478,0.362734038655393
2.15136264917829,0.360613118584335
2.1544344286618,0.35581624635559
2.15750620814531,0.355069863627228
2.16057798762882,0.351930427089329
2.16364976711233,0.354212534295433
2.16672154659584,0.349687842393591
2.16979332607935,0.343922574717426
2.17286510556286,0.340443280335434
2.17593688504637,0.340124415734698
2.17900866452988,0.340656630177646
2.18208044401339,0.341451868626308
2.1851522234969,0.338836238410487
2.18822400298041,0.333967125040391
2.19129578246392,0.328175446492471
2.19436756194743,0.327152436911593
2.19743934143094,0.327142671679051
2.20051112091445,0.324021439130071
2.20358290039796,0.317520580811949
2.20665467988147,0.311047941747558
2.20972645936498,0.307320246589782
2.21279823884849,0.303865390497678
2.215870018332,0.302486991484605
2.21894179781551,0.30068563446833
2.22201357729902,0.296963459135665
2.22508535678253,0.29123087331782
2.22815713626604,0.287987177068715
2.23122891574955,0.283855082519336
2.23430069523306,0.281246247228464
2.23737247471657,0.275145061318527
2.24044425420008,0.268144113649909
2.24351603368359,0.264103941901792
2.2465878131671,0.261885357475924
2.24965959265061,0.258049566877941
2.25273137213412,0.257177692214987
2.25580315161763,0.255885327962675
2.25887493110114,0.254717595231293
2.26194671058465,0.253743967591697
2.26501849006816,0.252193545225738
2.26809026955167,0.251727429225138
2.27116204903518,0.24546907762354
2.27423382851869,0.246638339894747
2.2773056080022,0.244405618476401
2.28037738748571,0.242708244734855
2.28344916696922,0.241340618912141
2.28652094645273,0.238375257315158
2.28959272593624,0.235674751838463
2.29266450541975,0.233410240274631
2.29573628490326,0.228455319914099
2.29880806438677,0.226680841688952
2.30187984387028,0.22509551081445
2.30495162335379,0.223652236751477
2.3080234028373,0.221757870661181
2.31109518232081,0.216208588320491
2.31416696180432,0.213900273042231
2.31723874128783,0.210961024088375
2.32031052077134,0.205907228027538
2.32338230025485,0.202313476008349
2.32645407973836,0.198024541885697
2.32952585922187,0.202392813764235
2.33259763870538,0.201520638331012
2.33566941818889,0.198297432164435
2.3387411976724,0.193838701436164
2.34181297715591,0.18898412453872
2.34488475663942,0.185390745416544
2.34795653612293,0.181004063852465
2.35102831560644,0.179838440850708
2.35410009508995,0.178091571830456
2.35717187457346,0.175868709163739
2.36024365405697,0.17089971449618
2.36331543354048,0.172429918694216
2.36638721302399,0.169501286753998
2.3694589925075,0.167591148576385
2.37253077199101,0.168359040310011
2.37560255147452,0.167218841692137
2.37867433095803,0.163770824627955
2.38174611044154,0.160844423957722
2.38481788992505,0.156291249410743
2.38788966940856,0.151458905913431
2.39096144889207,0.149779415366655
2.39403322837558,0.148820692554489
2.39710500785909,0.144392958367607
2.4001767873426,0.144711481260257
2.40324856682611,0.145467059162547
2.40632034630962,0.140899665455471
2.40939212579313,0.139968677132335
2.41246390527664,0.139787948612628
2.41553568476015,0.135010699118382
2.41860746424366,0.133252364178365
2.42167924372717,0.129158969202205
2.42475102321068,0.128107479565318
2.42782280269419,0.125328239905545
2.4308945821777,0.125507405468776
2.43396636166121,0.126443452434954
2.43703814114472,0.12625334434835
2.44010992062823,0.127354244198536
2.44318170011174,0.130685950701646
2.44625347959525,0.137411101397177
2.44932525907876,0.142021309377545
2.45239703856227,0.142144781149996
2.45546881804578,0.14393044021651
2.45854059752929,0.129718482236264
2.4616123770128,0.133525945460162
2.46468415649631,0.129473625759767
2.46775593597982,0.127058931460697
2.47082771546333,0.124941835436733
2.47389949494684,0.123553662932799
2.47697127443035,0.11764242710423
2.48004305391386,0.117933941779014
2.48311483339737,0.11519472171576
2.48618661288088,0.112727828592837
2.48925839236439,0.111444775235425
2.4923301718479,0.110885883325817
2.49540195133141,0.11121213705864
2.49847373081492,0.110163636363851
2.50154551029843,0.109544379956785
2.50461728978194,0.108853242471111
2.50768906926545,0.10771355250223
2.51076084874896,0.108570262307697
2.51383262823247,0.107662138977545
2.51690440771598,0.106493567753898
2.51997618719949,0.103459376305448
2.523047966683,0.101966186521085
2.52611974616651,0.0995875488101962
2.52919152565002,0.0999449615539471
2.53226330513353,0.096913849342819
2.53533508461704,0.0964948488237986
2.53840686410055,0.0945492013734019
2.54147864358406,0.0928413938211313
2.54455042306757,0.0911791328206356
2.54762220255108,0.0879691848817139
2.55069398203459,0.0860282375868714
2.5537657615181,0.0853759625239487
2.55683754100161,0.0850218228416151
2.55990932048512,0.0852314992758601
2.56298109996863,0.0851435184355865
2.56605287945214,0.0842104408037179
2.56912465893565,0.0823622947432133
2.57219643841916,0.0820449127524002
2.57526821790267,0.0825561776669294
2.57833999738618,0.0838066565892042
2.58141177686969,0.0826932447992614
2.5844835563532,0.0834295368755081
2.58755533583671,0.0822350553331634
2.59062711532022,0.0807727161068551
2.59369889480373,0.0815769572471807
2.59677067428724,0.0836679857035523
2.59984245377075,0.0837572989619526
2.60291423325426,0.0804402222866534
2.60598601273777,0.0715838885981237
2.60905779222128,0.0688942940798177
2.61212957170479,0.0604527911489637
2.6152013511883,0.0605734061382451
2.61827313067181,0.0613046004710781
2.62134491015532,0.0622741338432044
2.62441668963883,0.0592856839229015
2.62748846912234,0.0585561864280406
2.63056024860585,0.0609603457416085
2.63363202808936,0.0627731146516539
2.63670380757287,0.0670666321673418
2.63977558705638,0.0675764512643327
2.64284736653989,0.068380699089347
2.6459191460234,0.0662565411952987
2.64899092550691,0.0653924053474042
2.65206270499042,0.0657392086217727
2.65513448447393,0.0622156440498552
2.65820626395744,0.0615688513661513
2.66127804344095,0.0618320288209039
2.66434982292446,0.0611703196344286
2.66742160240797,0.0614432803212182
2.67049338189148,0.0612171039897399
2.67356516137499,0.0610020062328384
2.6766369408585,0.061480858853074
2.67970872034201,0.0611685969231377
2.68278049982552,0.0558147104005344
2.68585227930903,0.0518478827433835
2.68892405879254,0.0498269755491943
2.69199583827605,0.0477701404451935
2.69506761775956,0.0446685849499759
2.69813939724307,0.0454628860503803
2.70121117672658,0.0456629830685073
2.70428295621009,0.0456539086308505
2.7073547356936,0.0460223491286712
2.71042651517711,0.0453545658984468
2.71349829466062,0.0451649925574318
2.71657007414413,0.045334005684515
2.71964185362764,0.0438508242533197
2.72271363311115,0.0462206740579752
2.72578541259466,0.0452887326337853
2.72885719207817,0.0444394057131638
2.73192897156168,0.0442529874318714
2.73500075104519,0.044483000363904
2.7380725305287,0.0449275947773056
2.74114431001221,0.0447644937970219
2.74421608949572,0.0438281063208571
2.74728786897923,0.0434041015700091
2.75035964846274,0.0411722517161589
2.75343142794625,0.041280992273176
2.75650320742976,0.0439757920709055
2.75957498691327,0.042102085135401
2.76264676639678,0.0445016349014852
2.76571854588029,0.0413248347162066
2.7687903253638,0.0405552100139356
2.77186210484731,0.0402688686270937
2.77493388433082,0.0418824002932869
2.77800566381433,0.0407004637376391
2.78107744329784,0.039880359197119
2.78414922278135,0.0382502827906715
2.78722100226486,0.0372581875955482
2.79029278174837,0.0359599907057259
2.79336456123188,0.034506200663012
2.79643634071539,0.0345330368470369
2.7995081201989,0.0342663535779575
2.80257989968241,0.0338570192363814
2.80565167916592,0.0341184469896936
2.80872345864943,0.0339723130770329
2.81179523813294,0.0342569895700634
2.81486701761646,0.0331164260540048
2.81793879709997,0.0317199167840499
2.82101057658347,0.0317341201048318
2.82408235606698,0.0311762406915834
2.82715413555049,0.0303819366944451
2.83022591503401,0.0303131057718282
2.83329769451752,0.0293441430439481
2.83636947400103,0.0280778706943446
2.83944125348454,0.0268694285567935
2.84251303296805,0.0295190442299851
2.84558481245156,0.0296772234754278
2.84865659193507,0.0291684829094714
2.85172837141858,0.0295246360008053
2.85480015090209,0.0304171982773062
2.8578719303856,0.0300223630893332
2.86094370986911,0.0303158476232017
2.86401548935262,0.0296622433448219
2.86708726883613,0.0290436242026707
2.87015904831964,0.0294098474966492
2.87323082780315,0.0318471841767067
2.87630260728666,0.0309768860935757
2.87937438677017,0.0307007916854964
2.88244616625368,0.0295283045497795
2.88551794573719,0.0281489395047582
2.8885897252207,0.0272113636184259
2.89166150470421,0.0273891049151823
2.89473328418772,0.0252084224547611
2.89780506367123,0.0254594607610129
2.90087684315474,0.0223615879110387
2.90394862263825,0.0252242056698454
2.90702040212176,0.026321892097089
2.91009218160527,0.027128916492976
2.91316396108878,0.0277570551655612
2.91623574057229,0.0278848872416458
2.9193075200558,0.0269583678434647
2.92237929953931,0.0286665168712466
2.92545107902282,0.0259796367481946
2.92852285850633,0.0254365369550856
2.93159463798984,0.0197116619458269
2.93466641747335,0.0200091470801613
2.93773819695686,0.018411154751689
2.94080997644037,0.0191439346094179
2.94388175592388,0.019640680367764
2.94695353540739,0.0202730328690979
2.9500253148909,0.0207926578232166
2.95309709437441,0.0200720096928698
2.95616887385792,0.0222655914006261
2.95924065334143,0.0241294617970328
2.96231243282494,0.0242252715956431
2.96538421230845,0.0273476882510052
2.96845599179196,0.0270403811668769
2.97152777127547,0.026890505284572
2.97459955075898,0.0264094558136222
2.97767133024249,0.0295751830348241
2.980743109726,0.0239415995909993
2.98381488920951,0.0232017954109675
2.98688666869302,0.0199486939686062
2.98995844817653,0.0186689752760217
2.99303022766004,0.0192423092546319
2.99610200714355,0.0171156482677506
2.99917378662706,0.0145099721183151
3.00224556611057,0.0149085285957922
3.00531734559408,0.0155620145646664
3.00838912507759,0.0138588208096806
3.0114609045611,0.0123816998099364
3.01453268404461,0.0151149815257536
3.01760446352812,0.0178051921737724
3.02067624301163,0.0180860088539585
3.02374802249514,0.0195909427460538
3.02681980197865,0.0196598161664778
3.02989158146216,0.0195666172501383
3.03296336094567,0.0197325810206603
3.03603514042918,0.0197633450915925
3.03910691991269,0.0201597072535716
3.0421786993962,0.0190926515824238
3.04525047887971,0.018195404918465
3.04832225836322,0.017971839015445
3.05139403784673,0.018369716230935
3.05446581733024,0.0175972021921715
3.05753759681375,0.0170094070488845
3.06060937629726,0.016524488142533
3.06368115578077,0.0159496749440763
3.06675293526428,0.017358273881888
3.06982471474779,0.018008346462068
3.0728964942313,0.0173081001216076
3.07596827371481,0.0175807752707896
3.07904005319832,0.0182955664172907
3.08211183268183,0.0191198757256033
3.08518361216534,0.0199659507972806
3.08825539164885,0.0211314570922738
3.09132717113236,0.0220668967808358
3.09439895061587,0.0224083983022337
3.09747073009938,0.02212198300776
3.10054250958289,0.0234983916681533
3.1036142890664,0.02155453384075
3.10668606854991,0.0207381271634055
